"id","countyid","county","lname","fname","mname","suffix","address1","address2","address3","city","state","zipcode","phone","notes","image","title","type","district","img-sm","img-md","img-lg"
"112","51","MUSKOGEE","Alford","Thomas","H.","","Muskogee County Courthouse","220 State Street"," ","Muskogee","OK","74401","9186876388","                                                  ","thomasalford.jpg","Judge","District","15","1","1","1"
"150","20","CUSTER","Haught","Floyd","Douglas","","Custer County Courthouse","PO Box 105"," ","Arapaho","OK","73620","5803232230","                                                  ","floydhaught.jpg","Judge","District","2","1","1","1"
"196","51","MUSKOGEE","Adair","Robin","W.","","Muskogee County Courthouse","220 State Street"," ","Muskogee","OK","74401","9186832997","                                                  ","robinadair.jpg","Judge","Special","15","1","1","1"
"247","7","BRYAN","Powers","Rocky","L.","","Bryan County Courthouse","402 W. Evergreen Street"," ","Durant","OK","74701","5809243450","                                                  ","rockypowers.jpg","Judge","Associate District","19","1","1","1"
"270","55","OKLAHOMA","Dixon","Bryan","C.","","Oklahoma County Courthouse","321 Park Avenue, Rm. 821"," ","Oklahoma City","OK","73102","4057131460","                                                  ","bryandixon.jpg","Judge","District","7","1","1","1"
"275","55","OKLAHOMA","Croy","James","B.","","Oklahoma County Courthouse","321 Park Avenue, Rm. 602"," ","Oklahoma City","OK","73102","4057131413","                                                  ","jamescroy.jpg","Judge","Special","7","1","1","1"
"303","33","JACKSON","Darby","Richard","","","Jackson County Courthouse","101 N. Main"," ","Altus","OK","73521","5804821665","                                                  ","richarddarby.jpg","Judge","District","3","1","1","0"
"317","55","OKLAHOMA","Hall","Russell","D.","","Oklahoma County Courthouse","321 Park Avenue, Rm. 502"," ","Oklahoma City","OK","73102","4057131181","                                                  ","russellhall.jpg","Judge","Special","7","1","1","0"
"322","72","TULSA","Musseman","William","J.","Jr","Tulsa County Courthouse","500 S. Denver, Rm 501","","Tulsa","OK","74103","9185965324","replacing Carlos Chapelle as of 12/3/09","williammusseman.jpg","Judge","District","14","1","1","0"
"328","11","CHEROKEE","Langley","Lawrence","L.","","Cherokee County Courthouse","213 W. Delaware","","Tahlequah","OK","74464","9184532020","new judge in Sequoyah as of 4/1/11","lawrencelangley.jpg","Judge","Special","15","1","1","1"
"358","57","OSAGE","Gambill","Bruce","David","","Osage County Courthouse","600 Grandview"," ","Pawhuska","OK","74056","9182873338","                                                  ","brucegambill.jpg","Judge","Associate District","10","1","1","1"
"392","29","HARMON","Warren","W. Mike","","","Harmon County Courthouse","114 W. Hollis Street"," ","Hollis","OK","73550","5806882553","                                                  ","mikewarren.jpg","Judge","Associate District","3","1","1","1"
"406","6","BLAINE","Moore","Mark","A.","","Blaine County Courthouse","212 N. Weigle Avenue"," ","Watonga","OK","73772","5806235025","                                                  ","markmoore.jpg","Judge","Associate District","4","1","1","1"
"408","72","TULSA","Lafortune","William","D.","","Tulsa County Courthouse","500 S. Denver","","Tulsa","OK","74103","9185968608","","williamlafortune.jpg","Judge","District","14","1","1","1"
"409","72","TULSA","Sellers","Jefferson","D.","","Tulsa County Courthouse","500 S. Denver Avenue, Rm. 713"," ","Tulsa","OK","74103","9185965375","                                                  ","jeffersonsellers.jpg","Judge","District","14","1","1","1"
"413","26","GRADY","Herndon","John","E.","","Grady County Courthouse","PO Box 605","","Chickasha","OK","73023","4052245314","                                                  ","johnherndon.jpg","Judge","Associate District","6","1","1","1"
"414","7","BRYAN","Sherrill","Trace","C.","","Bryan County Courthouse","402 W. Evergreen Street"," ","Durant","OK","74701","5809243450","                                                  ","tracesherrill.jpg","Judge","Special","19","1","1","0"
"417","55","OKLAHOMA","Jones","Glenn","M.","","Oklahoma County Courthouse","321 Park Avenue, Rm. 722"," ","Oklahoma City","OK","73102","4057131420","Effective 5/1/2010 replacing Judge Charles Black  ","glennjones.jpg","Judge","District","7","1","1","0"
"421","61","PITTSBURG","Bland","Jim","D.","","Pittsburg County Courthouse","115 E. Carl Albert Parkway"," ","McAlester","OK","74501","9184236866","                                                  ","jimbland.jpg","Presiding Judge","District","18","1","1","1"
"422","49","MAYES","McBride","Terry","H.","","Mayes County Courthouse","One Court Place, Suite 240"," ","Pryor","OK","74361","9188253404","                                                  ","terrymcbride.jpg","Presiding Judge","District","12","1","1","1"
"431","73","WAGONER","Shepherd","Darrell","G.","","Wagoner County Courthouse","307 E. Cherokee Street"," ","Wagoner","OK","74467","9184852144","Replacing Judge Sewell (retired)      ","darrellshepherd.jpg","Judge","District","15","1","1","1"
"439","11","CHEROKEE","Dobbins","Mark","L.","","Cherokee County Courthouse","213 W. Delaware","","Tahlequah","OK","74464","9184566179","","markdobbins.jpg","Judge","Associate District","15","1","1","1"
"442","33","JACKSON","Huey","Clark","E.","","Jackson County Courthouse","101 N. Main, Ste. 301"," ","Altus","OK","73521","5804823155","                                                  ","clarkhuey.jpg","Judge","Associate District","3","1","1","0"
"445","55","OKLAHOMA","Stuart","Roger","H.","","Oklahoma County Courthouse","321 Park Avenue, Rm 201"," ","Oklahoma City","OK","73102","4057131107","                                                  ","rogerstuart.jpg","Judge","District","7","1","1","1"
"456","13","CIMARRON","Kincannon","Ronald","L.","","Cimarron County Courthouse","P.O. Box 788"," ","Boise City","OK","73933","5805442471","                                                  ","ronaldkincannon.jpg","Judge","Associate District","1","1","1","1"
"457","58","OTTAWA","Reavis, II","Robert","E.","","Ottawa County Courthouse","102 E. Central, Suite 100"," ","Miami","OK","74354","9185422862","                                                  ","robertreavis.jpg","Judge","Associate District","13","1","1","1"
"458","72","TULSA","Fransein","Doris","L.","","Tulsa Juvenile Center","315 S. Gilcrease Museum Rd."," ","Tulsa","OK","74127","9185965904","                                                  ","dorisfransein.jpg","Judge","District","14","1","1","1"
"461","72","TULSA","Smith","Sarah","D.","","Tulsa County Courthouse","500 S. Denver, Rm. 111"," ","Tulsa","OK","74103","9185965372","                                                  ","sarahdaysmith.jpg","Judge","Special","14","1","1","1"
"462","72","TULSA","Morrissey","Linda","G.","","Tulsa County Courthouse","500 S. Denver, Rm. 601"," ","Tulsa","OK","74103","9185965340","                                                  ","lindamorrissey.jpg","Judge","District","14","1","1","0"
"465","55","OKLAHOMA","McElwee","Roma","M.","","Oklahoma County Courthouse","321 Park Avenue, Rm. 631"," ","Oklahoma City","OK","73102","4057131121","                                                  ","romamcelwee.jpg","Judge","Special","7","1","1","1"
"482","14","CLEVELAND","Napoli","Jequita","H.","","Cleveland County Courthouse","200 S. Peters"," ","Norman","OK","73069","4053295733","                                                  ","jequitahnapoli.jpg","Judge","Special","21","1","1","0"
"483","21","DELAWARE","Littlefield","Alicia","","","Delaware County Courthouse","P.O. Box 489"," ","Jay","OK","74346","9182534329","                                                  ","alicialittlefield.jpg","Judge","Special","13","1","1","1"
"485","11","CHEROKEE","Crosslin","Sandy","","","Cherokee County Courthouse","213 W. Delaware"," ","Tahlequah","OK","74464","9184568252","                                                  ","sandycrosslin.jpg","Judge","Special","15","1","1","1"
"486","19","CREEK","Woolery","Richard","A.","","Creek County Courthouse","222 E. Dewey"," ","Sapulpa","OK","74066","9182274080","                                                  ","richardwoolery.jpg","Judge","Special","24","1","1","1"
"496","18","CRAIG","Wyatt, III","Harry","M.","","Craig County Courthouse","210 W. Delaware Street"," ","Vinita","OK","74301","9182562577","                                                  ","harrywyatt.jpg","Judge","Associate District","12","1","1","1"
"498","38","KIOWA","Russell","Norman","L.","","Kiowa County Courthouse","316 S. Main Street"," ","Hobart","OK","73651","5807263594","                                                  ","normanrussell.jpg","Judge","Associate District","3","1","1","1"
"499","26","GRADY","Brauer","Timothy","A.","","Grady County Courthouse","PO Box 605"," ","Chickasha","OK","73023","4052245564","                                                  ","timothybrauer.jpg","Judge","Special","6","1","1","0"
"525","72","TULSA","Hiddle","Bill","","","Tulsa County Courthouse","500 S. Denver, Rm. 173","","Tulsa","OK","74103","9185965388","","billhiddle.jpg","Judge","Special","14","1","1","1"
"548","72","TULSA","Otey","Millie","","","Tulsa County Courthouse","500 S. Denver, Rm. 112","","Tulsa","OK","74103","9185965347","","millieotey.jpg","Judge","Special","14","1","1","1"
"600","55","OKLAHOMA","Elliott","Ray","C.","","Oklahoma County Courthouse","321 Park Avenue, Rm. 700"," ","Oklahoma City","OK","73102","4057131428","Sworn in 1/1/99                                   ","rayelliott.jpg","Presiding Judge","District","7","1","1","1"
"603","51","MUSKOGEE","Norman","Mike","","","Muskogee County Courthouse","P.O. Box 1350"," ","Muskogee","OK","74402","9186871950","                                                  ","mikenorman.jpg","Judge","District","15","1","1","0"
"604","58","OTTAWA","Haney","Robert","G.","","Ottawa County Courthouse","102 E. Central, Suite 200"," ","Miami","OK","74354","9185425574","                                                  ","roberthaney.jpg","Judge","District","13","1","1","1"
"606","67","SEMINOLE","Butner","George","W.","","Seminole County Courthouse","P.O. Box 656"," ","Wewoka","OK","74884","4052572545","Sworn in 1/11/99                                  ","georgebutner.jpg","Judge","District","22","1","1","1"
"607","21","DELAWARE","Denney","Barry","V.","","Delaware County Courthouse","P.O. Box 489"," ","Jay","OK","74346","9182534329","                                                  ","barryvdenney.jpg","Judge","Associate District","13","1","1","0"
"615","39","LATIMER","Welch","Bill","D.","","Latimer County Courthouse","109 N. Central Avenue"," ","Wilburton","OK","74578","9184652071","                                                  ","billwelch.jpg","Judge","Associate District","16","1","1","1"
"616","66","ROGERS","Steidley","J. Dwayne","","","Rogers County Courthouse","200 S. Lynn Riggs Blvd."," ","Claremore","OK","74017","9189234964","                                                  ","jdwaynesteidley.jpg","Judge","District","12","1","1","0"
"618","58","OTTAWA","Culver","William","E.","","Ottawa County Courthouse","102 E. Central, Suite 100"," ","Miami","OK","74334","9185422788","                                                  ","williamculver.jpg","Judge","Special","13","1","1","1"
"619","19","CREEK","Vassar","Joe Sam","","","Creek County Courthouse","110 W. 7th"," ","Bristow","OK","74010","9183678979",".                                                 ","joevassar.jpg","Judge","District","24","1","1","1"
"623","20","CUSTER","Weedon","Jill","Carpenter","","Custer County Courthouse","P. O. Box 180"," ","Arapaho","OK","73620","5803233456","                                                  ","jillweedon.jpg","Judge","Associate District","2","1","1","1"
"624","16","COMANCHE","Harris","Kenny","D.","","Comanche County Courthouse","315 S. W. 5th Street"," ","Lawton","OK","73501","5805814590","                                                  ","kennyharris.jpg","Judge","Special","5","1","1","1"
"626","60","PAYNE","Corley","Phillip","C.","","Payne County Courthouse","606 S. Husband","","Stillwater","OK","74074","4053723624","                                                  ","phillipcorley.jpg","Judge","District","9","1","1","0"
"670","72","TULSA","Bitting","Terry","H.","","Tulsa County Courthouse","500 S. Denver, Rm. 507"," ","Tulsa","OK","74103","9185968750","                                                  ","terrybitting.jpg","Judge","Special","14","1","1","1"
"671","72","TULSA","Cantrell","Daman"," H.","","Tulsa County Courthouse","500 S. Denver Ave., Rm. 631"," ","Tulsa","OK","74103","9185965390","                                                  ","damancantrell.jpg","Judge","District","14","1","1","0"
"747","66","ROGERS","Condren","Sheila","A.","","Rogers County Courthouse","200 S. Lynn Riggs Blvd.","","Claremore","OK","74017","9189234968",".
","sheilacondren.jpg","Judge","District","12","1","1","1"
"760","55","OKLAHOMA","Walke","Geary","L.","","Oklahoma County Courthouse","321 Park Avenue, Room 626","","Oklahoma City","OK","73102","4057137105","","gearywalke.jpg","Judge","Special","7","1","1","0"
"806","4","BEAVER","Reddick","Ryan","D.","","Beaver County Courthouse","P.O. Box 100","","Beaver","OK","73932","5806253191","","ryanreddick.jpg","Judge","Associate District","1","1","1","1"
"807","55","OKLAHOMA","Ryan","Gregory","J","","Oklahoma Juvenile Justice Center","5905 Classen Court, Courtroom B, Ste. 208","","Oklahoma City","OK","73118","4057136763","","gregoryryan.jpg","Judge","Special","7","1","1","1"
"808","55","OKLAHOMA","Hammond","Lisa","K.","","Oklahoma County Courthouse","321 Park Avenue, Rm. 520","","Oklahoma City","OK","73102","4057131144","","lisahammond.jpg","Judge","Special","7","1","1","0"
"813","76","WOODS","Hadwiger","Mickey","Jay","","Woods County Courthouse","407 Government Street, Ste. 32","","Alva","OK","73717","5803271596","","mickeyhadwiger.jpg","Judge","Associate District","4","1","1","1"
"815","1","ADAIR","Payton","J.","Jeffrey","","Adair County Courthouse","220 W. Division Street","","Stilwell","OK","74960","9186966269","","jeffreypayton.jpg","Judge","District","15","1","1","1"
"816","9","CANADIAN","McCurdy","Gary","D","","Canadian County Courthouse","PO Box 730","","El Reno","OK","73036","4052621070","","garydmccurdy.jpg","Judge","Special","26","1","1","0"
"817","45","MCCURTAIN","Brock","Gary","L","","McCurtain County Courthouse","108 N. Central Avenue","","Idabel","OK","74745","5802862171","","garybrock.jpg","Judge","Special","17","1","1","1"
"820","27","GRANT","Hammontree","Jack","","","Grant County Courthouse","112 East Guthrie","","Medford","OK","73759","5803952258","","jackhammontree.jpg","Judge","Associate District","4","1","1","1"
"849","2","ALFALFA","Angle","Loren","","","Alfalfa County Courthouse","300 S. Grand","","Cherokee","OK","73728","5805962224","","lorenangle.jpg","Judge","Associate District","4","1","1","1"
"852","72","TULSA","Nightingale","Rebecca","B.","","Tulsa County Courthouse","500 S. Denver, Rm. 708","","Tulsa","OK","74103","9185965350","","rebeccanightingale.jpg","Judge","District","14","1","1","1"
"856","74","WASHINGTON","DeLapp","Curtis","L.","","Washington County Courthouse","420 S. Johnstone Street","","Bartlesville","OK","74003","9183372880","","curtisdelapp.jpg","Judge","District","11","1","1","1"
"857","45","MCCURTAIN","DeBerry","Michael","D.","","McCurtain County Courthouse","108 N. Central Avenue","","Idabel","OK","74745","5802862171","","michaeldeberry.jpg","Judge","District","17","1","1","1"
"858","53","NOWATA","Gibson","Carl","G.","","Nowata County Courthouse","229 N. Maple Street","","Nowata","OK","74048","9182730808","","carlgibson.jpg","Judge","Associate District","11","1","1","1"
"861","72","TULSA","Wall","Caroline","","","Tulsa County Courthouse","500 S. Denver, Rm. 601","","Tulsa","OK","74103","9185965313","","carolinewall.jpg","Judge","District","14","1","1","1"
"870","72","TULSA","Smith","Clifford","J.","","Tulsa County Courthouse","500 S. Denver, Rm. 347","","Tulsa","OK","74103","9185965380","","cliffordsmith.jpg","Judge","Special","14","1","1","0"
"872","55","OKLAHOMA","Parrish","Patricia","G.","","Oklahoma County Courthouse","321 Park Avenue, Rm. 712","","Oklahoma City","OK","73102","4057131156","10/6/04 from Special to District Judge","patriciaparrish.jpg","Judge","District","7","1","1","1"
"873","1","ADAIR","Brown","L.","Elizabeth","","Adair County Courthouse","220 W. Division Street","","Stilwell","OK","74960","9186962356","","elizabethbrown.jpg","Judge","Associate District","15","1","1","1"
"875","37","KINGFISHER","Davis","Robert","E.","","Kingfisher County Courthouse","PO Box 328","","Kingfisher","OK","73750","4053753869","","robertdavis.jpg","Judge","Associate District","4","1","1","1"
"876","72","TULSA","Sparkman","Rodney","","","Tulsa County Courthouse","500 S. Denver, Rm. 605","","Tulsa","OK","74103","9185965318","Changes made per Tammy Reaves email of 12/21/05","rodneysparkman.jpg","Judge","Special","14","1","1","1"
"880","55","OKLAHOMA","Shaw","Larry","","","Oklahoma County Courthouse","321 Park Avenue, Rm. 202","","Oklahoma City","OK","73102","4057131466","","larryshaw.jpg","Judge","Special","7","1","1","0"
"889","72","TULSA","Youll","David","","","Tulsa County Courthouse","500 S. Denver, Rm. 344","","Tulsa","OK","74103","9185965384","","davidyoull.jpg","Judge","Special","14","1","1","1"
"890","74","WASHINGTON","Franks","Kyra","K","","Washington County Courthouse","420 South Johnstone Street","","Bartlesville","OK","74003","9183372880","","kyrawilliams.jpg","Judge","Special","11","1","1","1"
"891","14","CLEVELAND","Walkley","Lori","","","Cleveland County Courthouse","201 S. Jones","","Norman","OK","73069","4053660639","","loriwalkley.jpg","Judge","District","21","1","1","1"
"892","14","CLEVELAND","Bonner","Stephen","","","Cleveland County Courthouse","200 S. Peters","","Norman","OK","73069","4053216251","","stephenbonner.jpg","Judge","Associate District","21","1","1","1"
"898","72","TULSA","Fitzgerald","Mary","","","Tulsa County Courthouse","500 S. Denver Avenue, Rm. 706","","Tulsa","OK","74103","9185965415","","maryfitzgerald.jpg","Judge","District","14","1","1","1"
"901","63","POTTAWATOMIE","Cawthon","David","","","Pottawatomie County Courthouse","325 N. Broadway","","Shawnee","OK","74801","4052730971","","davidcawthon.jpg","Judge","Special","23","1","1","1"
"903","51","MUSKOGEE","Thygesen","Norman","D.","","Muskogee County Courthouse","220 State Street","","Muskogee","","74401","9186837786","","normanthygesen.jpg","Judge","Associate District","15","1","1","1"
"905","8","CADDO","Hill","S.","Wyatt","","Caddo County Courthouse","201 West Oklahoma","","Anadarko","OK","73005","4052475585","","swyatthill.jpg","Judge","Associate District","6","1","1","0"
"907","55","OKLAHOMA","Welch","Allen","J","Jr","Oklahoma County Courthouse","321 Park Avenue, Rm. 217","","Oklahoma City","OK","73102","4057131442","","allenwelch.jpg","Judge","Special","7","1","1","0"
"908","54","OKFUSKEE","Parish","Lawrence","W","","Okfuskee County Courthouse","PO Box 222","","Okemah","OK","74859","9186230725","","lawrencewparish.jpg","Judge","District","24","1","1","0"
"909","19","CREEK","Golden","Douglas","W","","Creek County Courthouse","222 East Dewey","","Sapulpa","OK","74066","9182243445","","douggolden.jpg","Judge","District","24","1","1","1"
"910","8","CADDO","Stephens","David","A","","Caddo County Courthouse","201 W. Oklahoma","","Anadarko","OK","73005","4052473205","","davidastephens.jpg","Judge","Special","6","1","1","0"
"913","57","OSAGE","Kane","John","","","Osage County Courthouse","600 Grandview, Rm. 302","","Pawhuska","OK","74056","9182874767","","johnkane.jpg","Judge","District","10","1","1","1"
"917","63","POTTAWATOMIE","Engle","Dawson","","","Pottawatomie County Courthouse","325 N. Broadway","","Shawnee","OK","74801","4052734308","","dawsonengle.jpg","Judge","Associate District","23","1","1","1"
"918","19","CREEK","Ihrig","Mark","","","Creek County Courthouse","222 E. Dewey","","Sapulpa","OK","74066","9182240911","","markihrig.jpg","Judge","Associate District","24","1","1","1"
"921","7","BRYAN","Campbell","Mark","","","Bryan County Courthouse","402 W. Evergreen","","Durant","OK","74701","5809243450","","markcampbell.jpg","Presiding Judge","District","19","1","1","0"
"922","36","KAY","Ross","Philip","A","","Kay County Courthouse","PO Box 251","","Newkirk","OK","74647","5803623740","","philipross.jpg","Judge","District","8","1","1","1"
"930","72","TULSA","Pace","Kirsten","","","Tulsa County Courthouse","500 South Denver Avenue, Rm. 124","","Tulsa","OK","74103","9185965345","HD 90468","kirstenpace.jpg","Judge","Special","14","1","1","0"
"935","69","STEPHENS","Russell","G. Brent","","","Stephens County Courthouse","101 South 11th Street, Rm. 309","","Duncan","OK","73533","5804702015","","gbrentrussell.jpg","Judge","Associate District","5","1","1","1"
"937","32","HUGHES","Allen","Gordon","","","Hughes County Courthouse","PO Box 875","","Holdenville","OK","74848","4053793211","","gordonallen.jpg","Judge","Associate District","22","1","1","1"
"938","16","COMANCHE","Neuwirth","Gerald","F.","","Comanche County Courthouse","315 S.W. Fifth Street, Rm. 507","","Lawton","OK","73501","5805814575","","geraldneuwirth.jpg","Judge","District","5","1","1","1"
"939","25","GARVIN","Misak","Trisha","A","","Garvin County Courthouse","201 W. Grant Street","","Pauls Valley","OK","73075","4052386561","","trishamisak.jpg","Judge","Special","21","1","1","1"
"940","24","GARFIELD","Newby","Tom","","","Garfield County Courthouse","114 W. Broadway Ave.","","Enid","OK","73701","5802370239","","tomnewby.jpg","Judge","Associate District","4","1","1","1"
"941","24","GARFIELD","Hladik","Dennis","","","Garfield County Courthouse","114 W. Broadway Ave.","","Enid","OK","73701","5802370245","","dennishladik.jpg","Judge","District","4","1","1","1"
"947","55","OKLAHOMA","Hafar","Barry","L","","Oklahoma County Courthouse","321 Park Avenue, Rm. 113","","Oklahoma City","OK","73102","4057131167","","barryhafar.jpg","Judge","Special","7","1","1","0"
"950","72","TULSA","Kuehn","Dana","","","Tulsa County Courthouse","500 S. Denver, Rm. 701","","Tulsa","OK","74103","9185965300","","danakuehn.jpg","Judge","Associate District","14","1","1","1"
"951","72","TULSA","Moody","Dawn","","","Tulsa County Courthouse","500 S. Denver, Rm. 329","","Tulsa","OK","74103","9185965374","","dawnmoody.jpg","Judge","Special","14","1","1","0"
"952","72","TULSA","Dreiling","Theresa","","","Tulsa County Courthouse","500 S. Denver, Room 124","","Tulsa","OK","74103","9185965397","","theresadreiling.jpg","Judge","Special","14","1","1","0"
"953","15","COAL","Mowdy","D","Clay","","Coal County Courthouse","4 N. Main, Suite 12","","Coalgate","OK","74538","5809272573","","dmowdy.jpg","Judge","Associate District","25","1","1","1"
"954","17","COTTON","Flanagan","Michael","C","","Cotton County Courthouse","301 N. Broadway","","Walters","OK","73572","5808753137","","michaelflanagan.jpg","Judge","Associate District","5","1","1","1"
"955","22","DEWEY","Bozarth","Rick","","","Dewey County Courthouse","PO Box 278","","Taloga","OK","73667","5803285521","","rickbozarth.jpg","Judge","Associate District","4","1","1","1"
"956","31","HASKELL","Henderson","Brian","","","Haskell County Courthouse","202 E. Main Street, Ste. 10","","Stigler","OK","74462","9189672500","","brianhenderson.jpg","Judge","Associate District","16","1","1","1"
"957","40","LE FLORE","Sullivan","Jon","","","LeFlore County Courthouse","PO Box 1056","","Poteau","OK","74953","9186473350","","jonsullivan.jpg","Judge","District","16","1","1","1"
"958","41","LINCOLN","Kirk","Sheila","","","Lincoln County Courthouse","811 Manvel Avenue","","Chandler","OK","74834","4052581254","","sheilakirk.jpg","Judge","Associate District","23","1","1","1"
"959","44","MCCLAIN","Gray","Charles","","","McClain County Courthouse","121 N. 2nd Street, Suite 225","","Purcell","OK","73080","4055276651","","charlesgray.jpg","Judge","Associate District","21","1","1","1"
"960","46","MCINTOSH","Pratt","Jim","","","McIntosh County Courthouse","P.O. Box 269","","Eufaula","OK","74432","9186892232","","jimpratt.jpg","Judge","Associate District","18","1","1","1"
"962","55","OKLAHOMA","Graves","Bill","","","Oklahoma County Courthouse","321 Park Avenue, Rm. 800","","Oklahoma City","OK","73102","4057131456","","billgraves.jpg","Judge","District","7","1","1","1"
"963","55","OKLAHOMA","Kirby","Richard","","","Oklahoma County Courthouse","321 Park Avenue, Rm. 325","","Oklahoma City","OK","73102","4057131433","","richardkirby.jpg","Judge","Associate District","7","1","1","1"
"965","74","WASHINGTON","Vaclaw","Russell","","","Washington County Courthouse","420 S. Johnstone Street","","Bartlesville","OK","74003","9183372885","","russellvaclaw.jpg","Judge","Associate District","11","1","1","1"
"967","67","SEMINOLE","Olsen","Timothy","L","","Seminole County Courthouse","P.O. Box 678","","Wewoka","OK","74884","4052573386","","timothyolsen.jpg","Judge","Associate District","22","1","1","1"
"968","72","TULSA","Palmer","Wilma","","","Tulsa Juvenile Center","315 Gilcrease Museum Rd.","","Tulsa","OK","74127","9185965909","","wilmapalmer.jpg","Judge","Special","14","1","1","1"
"969","75","WASHITA","Kelly","Christopher","","","Washita County Courthouse","111 East Main Street","","Cordell","OK","73632","5808323226","","christopherkelly.jpg","Judge","Associate District","2","1","1","1"
"972","24","GARFIELD","Woodward","Paul","K","","Garfield County Courthouse","114 West Broadway","","Enid","OK","73701","5802375031","","paulwoodward.jpg","Presiding Judge","District","4","1","1","1"
"974","56","OKMULGEE","Pickering","Cindy","","","Okmulgee County Courthouse","314 W. 7th Street, Ste. 100","","Okmulgee","OK","74447","9187561835","","cindypickering.jpg","Judge","Associate District","24","1","1","1"
"975","33","JACKSON","Leverett","Brad","D","","Jackson County Courthouse","101 N. Main, Ste. 305","","Altus","OK","73521","5804821980","","bradleverett.jpg","Judge","Special","3","1","1","1"
"976","9","CANADIAN","McCurdy","Jack","","","Canadian County Courthouse","P.O. Box 730","","El Reno","OK","73036","4052621070","","jackmccurdy.jpg","Judge","Special","26","1","1","1"
"979","73","WAGONER","Kirkley","Douglas","A","","Wagoner County Courthouse","307 E. Cherokee Street","","Wagoner","OK","74467","9184857938","","douglaskirkley.jpg","Judge","Special","15","1","1","1"
"981","9","CANADIAN","Hughey","Bob","","","Gary E. Miller Children's Justice Center","7905 E. Hwy. 66","","El Reno","OK","73036","4052645530","","bobhughey.jpg","Judge","Associate District","26","1","1","0"
"982","55","OKLAHOMA","Easter","Donald","L","","Oklahoma County Courthouse","321 Park Avenue, Room 600","","Oklahoma City","OK","73102","4057137104","","donaldeaster.jpg","Judge","Special","7","1","1","1"
"983","66","ROGERS","Crosson","Terrell","S","","Rogers County Courthouse","200 S. Lynn Riggs Blvd.","","Claremore","OK","74017","9189234966","","terrellscrosson.jpg","Judge","Special","12","1","1","0"
"984","62","PONTOTOC","Kessinger","Steven","","","Pontotoc County Courthouse","120 W. 13th Street","","Ada","OK","74821","5803328940","","stevenkessinger.jpg","Judge","District","22","1","1","1"
"988","65","ROGER MILLS","VerSteeg","F","Pat","","Roger Mills County Courthouse","PO Box 737","","Cheyenne","OK","73628","5804973359","","fpatversteeg.jpg","Judge","Associate District","2","1","1","1"
"989","60","PAYNE","Kistler","Stephen","R","","Payne County Courthouse","606 S. Husband","","Stillwater","OK","74074","4053723999","","stephenkistler.jpg","Judge","Associate District","9","1","1","1"
"996","77","WOODWARD","Work","Don","A","","Woodward County Courthouse","1600 Main Street Suite 6","","Woodward","OK","73801","5802563566","","donwork.jpg","Judge","Associate District","4","1","1","1"
"997","14","CLEVELAND","Tupper","Michael","D","","Cleveland County Courthouse","201 S. Jones","","Norman","OK","73069","4053299788","","michaeltupper.jpg","Judge","Special","21","1","1","1"
"998","49","MAYES","Taylor","Shawn","S.","","Mayes County Courthouse","One Court Pl., Rm. 210","","Pryor","OK","74361","9188250960","","shawntaylor.jpg","Judge","Associate District","12","1","1","1"
"999","42","LOGAN","Duel","Louis","A","","Logan County Courthouse","301 E. Harrison, Rm. 203","","Guthrie","OK","73044","4052826114","","lukeduel.jpg","Judge","Associate District","9","1","1","0"
"1000","20","CUSTER","Dirickson","Donna","L","","Custer County Courthouse","P. O. Box 180","","Arapaho","OK","73620","5803233456","","donnadirickson.jpg","Judge","Special","2","1","1","1"
"1001","10","CARTER","Baldwin","Thomas","K.","","Carter County Courthouse","20 B Street S.W. Rm. 304","","Ardmore","OK","73401","5802233803","","thomasbaldwin.jpg","Judge","Associate District","20","1","1","1"
"1002","72","TULSA","Glassco","Kurt","G","","Tulsa County Courthouse","500 S. Denver Ave., Rm. 401","","Tulsa","OK","74103","9185965320","","kurtglassco.jpg","Judge","District","14","1","1","0"
"1003","64","PUSHMATAHA","Wallace","Jana","Kay","","Pushmataha County Courthouse","302 S.W. B","","Antlers","OK","74523","5802982553","","janawallace.jpg","Judge","Associate District","17","1","1","1"
"1004","55","OKLAHOMA","McGuire","Lynne","","","Oklahoma County Courthouse","321 Park Ave., Rm. 109","","Oklahoma City","OK","73102","4057131113","Replacing Judge Paddleford (retired)","lynnemcguire.jpg","Judge","Special","7","1","1","1"
"1005","55","OKLAHOMA","Davis","Lisa","T","","Oklahoma Juvenile Justice Center","5905 Classen Court, Courtroom A, Ste. 205","","Oklahoma City","OK","73118","4057136796","","lisadavis.jpg","Judge","District","7","1","1","1"
"1009","55","OKLAHOMA","Oakes","Martha","","","Oklahoma County Courthouse","321 Park Avenue, Rm. 105","","Oklahoma City","OK","73102","4057131116","","marthaoakes.jpg","Judge","Special","7","1","1","1"
"1010","71","TILLMAN","Benson","Brad","L.","","Tillman County Courthouse","PO Box 97","","Frederick","OK","73542","5803353710","","bradbenson.jpg","Judge","Associate District","3","1","1","1"
"1011","73","WAGONER","Shook","Dennis","N","","Wagoner County Courthouse","307 East Cherokee","","Wagoner","OK","74467","9184859599","Replaced Darrell Shepherd","dennisnshook.jpg","Judge","Associate District","15","1","1","0"
"1012","72","TULSA","Ludi Leitch","Deborrah","","","Tulsa County Courthouse","500 S. Denver, Rm. 345","","Tulsa","OK","74103","9185965364","Start date 4/5/10 - replacing retiring Judge Hass","deborrahludileitch.jpg","Judge","Special","14","1","1","1"
"1018","72","TULSA","Clark","Stephen","R","","Tulsa County Courthouse","500 S. Denver, Rm 349","","Tulsa","OK","74103","9185965334","Effective date 6/1/2010","stephenrclark.jpg","Judge","Special","14","1","1","0"
"1019","55","OKLAHOMA","Haralson","Howard","R","","Oklahoma County Courthouse","321 Park Avenue, Rm. 123","","Oklahoma City","OK","73102","4057131451","Effective 6/1/10","howardharalson.jpg","Judge","Special","7","1","1","1"
"1021","14","CLEVELAND","Stice","Steve","","","Cleveland County Courthouse","201 S. Jones","","Norman","OK","73069","4053215638","","stevestice.jpg","Judge","Special","21","1","1","0"
"1024","72","TULSA","Evans","Owen","","","Tulsa County Courthouse","500 S. Denver","","Tulsa","OK","74103","","","owenevans.jpg","Judge","Special","14","1","1","1"
"1025","49","MAYES","Gore","Rebecca","J.","","Mayes County Courthouse","One Court Place, Suite 230","","Pryor","OK","74361","9188256386","Replacing retirintg judge Gary Dean","rebeccagore.jpg","Judge","Special","12","1","1","1"
"1026","57","OSAGE","Tate","Stuart","","","Osage County Courthouse","600 Grandview","","Pawhuska","OK","74056","9182874108","","stuarttate.jpg","Judge","Special","10","1","1","1"
"1027","66","ROGERS","Pazzo","Stephen","R","Jr","Rogers County Courthouse","200 S. Lynn Riggs Blvd.","","Claremore","OK","74018","9189234967","","stephenpazzo.jpg","Judge","Associate District","12","1","1","0"
"1028","48","MARSHALL","Coppedge","Wallace","","","Marshall County Courthouse","PO Box 58","","Madill","OK","73446","5807953392","","wallacecoppedge.jpg","Presiding Judge","District","20","1","1","1"
"1029","3","ATOKA","Harbuck","Preston","","","Atoka County Courthouse","200 E. Court Street","","Atoka","OK","74525","5808893400","","prestonharbuck.jpg","Judge","Associate District","25","1","1","1"
"1030","5","BECKHAM","Roper","Michelle Kirby","","","Beckham County Courthouse","P.O Box 527","","Sayre","OK","73662","5809289332","","michelleroper.jpg","Judge","Associate District","2","1","1","0"
"1031","10","CARTER","Morris","Dennis","","","Carter County Courthouse","20 B. Street S.W., Rm. 304","","Ardmore","OK","73401","5802233803","","dennismorris.jpg","Judge","District","20","1","1","1"
"1032","14","CLEVELAND","Schumacher","Tracy","","","Cleveland County Courthouse","200 S. Peters","","Norman","OK","73069","4054473737","","tracyschumacher.jpg","Judge","District","21","1","1","1"
"1035","34","JEFFERSON","Gay","Dennis","","","Jefferson County Courthouse","220 N. Main St","","Waurika","OK","73573","5802282961","","dennisgay.jpg","Judge","Associate District","5","1","1","1"
"1036","41","LINCOLN","Ashwood","Cindy Ferrell","","","Lincoln County Courthouse","811 Manvel Ave., Ste. 11","","Chandler","OK","74834","4052581399","","cindyferrellashwood.jpg","Presiding Judge","District","23","1","1","1"
"1037","47","MAJOR","Haworth","Tim","","","Major County Courthouse","500 E. Broadway Street","","Fairview","OK","73737","5802274690","","timhaworth.jpg","Judge","Associate District","4","1","1","1"
"1038","50","MURRAY","Duck","Aaron","","","Murray County Courthouse","PO Box 578","","Sulphur","OK","73086","5806223440","","aaronduck.jpg","Judge","Associate District","20","1","1","1"
"1039","55","OKLAHOMA","Truong","Cindy","H.","","Oklahoma County Courthouse","321 Park Avenue, Rm. 709","","Oklahoma City","OK","73102","4057131408","","cindytruong.jpg","Judge","District","7","1","1","1"
"1040","56","OKMULGEE","Adair","Ken","","","Okmulgee County Courthouse","314 W. 7th Street, Ste. 305","","Okmulgee","OK","74447","9187560674","","kenadair.jpg","Judge","District","24","1","1","0"
"1041","63","POTTAWATOMIE","Canavan, Jr","John","G.","","Pottawatomie County Courthouse","325 N. Broadway","","Shawnee","OK","74801","4052751296","","johncanavan.jpg","Judge","District","23","1","1","1"
"1043","72","TULSA","Caputo","James","M.","","Tulsa County Courthouse","500 S. Denver, Rm 413","","Tulsa","OK","74103","9185965044","","jamescaputo.jpg","Judge","District","14","1","1","1"
"1044","60","PAYNE","Thomas","Katherine","E.","","Payne County Courthouse","606 S. Husband","","Stillwater","OK","74074","4053724380","","katherinethomas.jpg","Judge","Special","9","1","1","0"
"1045","60","PAYNE","Hert","R.","L.","Jr","Payne County Courthouse","606 S. Husband","","Stillwater","OK","74074","4057478383","","rlhert.jpg","Judge","Special","9","1","1","1"
"1046","9","CANADIAN","Hatfield","Barbara","","","Canadian County Courthouse","PO Box 730","","El Reno","OK","73036","4052621070","","barbarahatfield.jpg","Judge","Special","26","1","1","1"
"1047","24","GARFIELD","Lovell","Brian","N","","Garfield County Courthouse","114 West Broadway Ave.","","Enid","OK","73701","5802370236","","brianlovell.jpg","Judge","Special","4","1","1","1"
"1048","72","TULSA","Carter","Martha","Rupp","","Tulsa County Courthouse","500 S. Denver, Rm. 379","","Tulsa","OK","74103","9185965394","","marthacarter.jpg","Judge","Special","14","1","1","1"
"1049","36","KAY","Bandy","David","R","","Kay County Courthouse","PO Box 251","","Newkirk","OK","74647","5803622326","","davidbandy.jpg","Judge","Associate District","8","1","1","1"
"1050","55","OKLAHOMA","Andrews","Don","","","Oklahoma County Courthouse","321 Park Avenue, Rm. 315","","Oklahoma City","OK","73102","4057131171","","donandrews.jpg","Judge","District","7","1","1","0"
"1052","69","STEPHENS","Herberger","Jerry","","","Stephens County Courthouse","101 S. 11st Street, Ste. 316","","Duncan","OK","73533","5804702020","","jerryherberger.jpg","Judge","Special","5","1","1","1"
"1053","35","JOHNSTON","Migliorino","Charles","J","","Johnston County Courthouse","403 West Main, Suite 203","","Tishomingo","OK","73460","5803712387","","charlesmigliorino.jpg","Judge","Associate District","20","1","1","1"
"1054","48","MARSHALL","Johnson","Gregory","L","","Marshall County Courthouse","100 Plaza, Rm. 201","","Madill","OK","73446","5807953392","","gregoryjohnson.jpg","Judge","Associate District","20","1","1","1"
"1056","70","TEXAS","Jett","Clark","","","Texas County Courthouse","319 N. Main Street","Box 1931","Guymon","OK","73942","5803383833","","clarkjett.jpg","Judge","Associate District","1","1","1","1"
"1057","55","OKLAHOMA","Prince","Thomas","E","","Oklahoma County Courthouse","321 Park Avenue, Rm 304","","Oklahoma City","OK","73102","4057131133","","thomasprince.jpg","Judge","District","7","1","1","1"
"1058","72","TULSA","Bruce","Tammy","","","Tulsa County Courthouse","500 S,. Denver, Rm. 378","","Tulsa","OK","74103","9185965354","","tammybruce.jpg","Judge","Special","14","1","1","0"
"1059","36","KAY","Turner","Lee","","","Kay County Courthouse","PO Box 251","","Newkirk","OK","74647","5803622151","","leeturner.jpg","Judge","Special","8","1","1","1"
"1060","55","OKLAHOMA","Henderson","Timothy","R","","Oklahoma County Courthouse","321 Park Avenue, Rm. 223","","Oklahoma City","OK","73102","4057131436","","timhenderson.jpg","Judge","District","7","1","1","1"
"1061","61","PITTSBURG","Mills","Tim","","","Pittsburg County Courthouse","115 E. Carl Albert Parkway","","McAlester","OK","74501","9184236479","","timmills.jpg","Judge","Associate District","18","1","1","1"
"1072","51","MUSKOGEE","Stout","Weldon","","","Muskogee County Courthouse","PO Box 1350","","Muskogee","OK","74402","9186841611","","weldonstout.jpg","Judge","Special","15","1","1","0"
"1073","3","ATOKA","Inge","Paula","","","Atoka County Courthouse","200 E. Court St.","","Atoka","OK","74525","5808893400","","paulainge.jpg","Judge","District","25","1","1","1"
"1074","55","OKLAHOMA","Johnson","Susan","K","","Oklahoma Juvenile Justice Center","5905 N. Classen Court, Courtroom B, Ste. 206","","Oklahoma City","OK","73118","4057136759","","susanjohnson.jpg","Judge","Special","7","1","1","1"
"1076","45","MCCURTAIN","Farley","Kenneth","R.","","McCurtain County Courthouse","108 N. Central Avenue","","Idabel","OK","74745","5802863693","5/1/13","kennethfarley.jpg","Judge","Associate District","17","1","1","1"
"1077","14","CLEVELAND","Virgin","Jeff","","","Cleveland County Courthouse","200 S. Peters","","Norman","OK","73069","4053660600","","jeffvirgin.jpg","Judge","District","21","1","1","1"
"1078","40","LE FLORE","McBee","Jennifer","H","","LeFlore County Courthouse","PO Box 1056","","Poteau","OK","74953","9186478206","","jennifermcbee.jpg","Judge","Special","16","1","1","1"
"1079","72","TULSA","Miller","J. Anthony","","","Tulsa County Courthouse","500 S. Denver","","Tulsa","OK","74103","9185965330","","anthonymiller.jpg","Judge","Special","14","1","1","1"
"1080","66","ROGERS","Smith","David","","","Rogers County Courthouse","200 S. Lynn Riggs Blvd.","","Claremore","OK","74017","9189234965","","davidsmith.jpg","Judge","Special","12","1","1","1"
"1081","14","CLEVELAND","Balkman","Thad","","","Cleveland County Courthouse","200 S. Peters","","Norman","OK","73069","4053292400","","thadbalkman.jpg","Judge","District","21","1","1","1"
"1082","25","GARVIN","Kendall","Steven","","","Garvin County Courthouse","201 W. Grant Street","","Pauls Valley","OK","73075","4052382542","","stevenkendall.jpg","Judge","Associate District","21","1","1","1"
"1083","59","PAWNEE","Pickerill","Patrick","","","Pawnee County Courthouse","500 Harrison","","Pawnee","OK","74058","9187622105","","patrickpickerill.jpg","Judge","Associate District","14","1","1","1"
"1084","52","NOBLE","Leach","Nikki","G","","Noble County Courthouse","","","Perry","OK","73077","5803362433","","nikkileach.jpg","Judge","Associate District","8","1","1","1"
"1085","55","OKLAHOMA","Williams","Cassandra","M","","Oklahoma Juvenile Justice Center","5905 Classen Court, Courtroom E, Ste. 101","","Oklahoma City","OK","73118","4057136790","","cassandrawilliams.jpg","Judge","Special","7","1","1","1"
"1086","16","COMANCHE","Tayloe","Emmit","","","Comanche County Courthouse","315 S.W. 5th St.","","Lawton","OK","73501","5805814595","","emmittayloe.jpg","Judge","District","5","1","1","1"
"1087","12","CHOCTAW","Baze","Bill","","","Choctaw County Courthouse","300 East Duke","","Hugo","OK","74743","5803263384","","billbaze.jpg","Judge","Associate District","17","1","1","0"
"1088","70","TEXAS","Parsley","Jon","","","Texas County Courthouse","319 N. Main Street","Box 551","Guymon","OK","73942","5803383412","","jonparsley.jpg","Judge","District","1","1","1","1"
"1091","72","TULSA","Keeley","James","W.","","Tulsa County Courthouse","500 S. Denver, Rm. 348","","Tulsa","OK","74103","9185965354","","jameskeeley.jpg","Judge","Special","14","1","1","1"
"1109","55","OKLAHOMA","Timmons","Aletia","Haynes","","Oklahoma County Courthouse","321 Park Avenue, Rm. 811","","Oklahoma City","OK","73102","4057137101","","aletiatimmons.jpg","Judge","District","7","1","1","1"
"1110","23","ELLIS","Hays","Laurie","E.","","Ellis County Courthouse","P.O. Box 151","","Arnett","OK","73832","5808857601","","lauriehays.jpg","Judge","Associate District","2","1","1","1"
"1111","16","COMANCHE","Zwaan","Susan","","","Comanche County Courthouse","315 SW 5th Street Rm. 403","","Lawton","OK","73501","5805814585","","susanzwaan.jpg","Judge","Special","5","1","1","1"
"1112","68","SEQUOYAH","Waters","Kyle","E.","","Sequoyah County Courthouse","120 E. Chickasaw St.","","Sallisaw","OK","74955","9187754262","","kylewaters.jpg","Judge","Associate District","15","1","1","1"
"1113","30","HARPER","Alley","Aric","","","Harper County Courthouse","311 S.E. 1st Street","","Buffalo","OK","73834","5807352222","","aricalley.jpg","Judge","Associate District","1","1","1","1"
"1114","28","GREER","Yarborough","Eric","G.","","Greer County Courthouse","PO Box 216","","Mangum","OK","73554","5807824020","","ericyarborough.jpg","Judge","Associate District","3","1","1","1"
"1115","77","WOODWARD","Eilers","Justin","P.","","Woodward County Courthouse","1600 Main Street","","Woodward","OK","73801","5802566716","","justineilers.jpg","Judge","District","4","1","1","1"
"1116","69","STEPHENS","Graham","Ken","","","Stephens County Courthouse","101 S. 11th Street","","Duncan","OK","73533","5804702025","","kengraham.jpg","Judge","District","5","1","1","1"
"1117","16","COMANCHE","Shaw","Lisa","","","Comanche County Courthouse","315 S. W. 5th Street Rm. 408","","Lawton","OK","73501","5805814570","","lisashaw.jpg","Judge","Associate District","5","1","1","1"
"1118","72","TULSA","Holmes","Sharon","","","Tulsa County Courthouse","500 S. Denver","","Tulsa","OK","74103","9185965200","","sharonholmes.jpg","Judge","District","14","1","1","1"
"1119","72","TULSA","Drummond","Douglas","E.","","Tulsa County Courthouse","500 S. Denver Avenue","","Tulsa","OK","74103","9185965362","","douglasdrummond.jpg","Judge","District","14","1","1","1"
"1120","40","LE FLORE","Fry","Marion","D.","","LeFlore County Courthouse","PO Box 1056","","Poteau","OK","74953","9186473196","","marionfry.jpg","Judge","Associate District","16","1","1","1"
"1121","43","LOVE","Hicks","Todd","","","Love County Courthouse","405 W. Main Street","","Marietta","OK","73448","5802763373","","toddhicks.jpg","Judge","Associate District","20","1","1","1"
"1122","62","PONTOTOC","Jackson","Lori","L.","","Pontotoc County Courthouse","120 W. 13th Street","","Ada","OK","74821","5803328940","","lorijackson.jpg","Judge","Associate District","22","1","1","1"
"1125","55","OKLAHOMA","Ogden","Richard","","","Oklahoma County Courthouse","321 Park Avenue, Rm. 115","","Oklahoma City","OK","73102","4057131403","","richardogden.jpg","Judge","Special","7","1","1","1"
"1127","66","ROGERS","Russell","Lara","M","","Rogers County Courthouse","200 S. Lynn Riggs Blvd.","","Claremore","OK","74018","9189234963","","lararussell.jpg","Judge","Special","12","1","1","1"
"1128","44","MCCLAIN","Shilling","Leland","","","McClain County Courthouse","121 N. 2nd St., Rm. 245","","Purcell","OK","73080","4055274539","","lelandshilling.jpg","Judge","Special","21","1","1","1"
"1129","10","CARTER","Brooks","Carson","M.","","Carter County Courthouse","20 B. Street S.W., Rm. 201","","Ardmore","OK","73401","5802234750","","carsonbrooks.jpg","Judge","Special","20","1","1","1"
"1130","56","OKMULGEE","Ramirez","Pandee","","","Okmulgee County Courthouse","314 W. 7th Street","","Okmulgee","OK","74447","9187560672","","pandeeramirez.jpg","Judge","Special","24","1","1","1"
"1131","62","PONTOTOC","Pollard","Greg","","","Pontotoc County Courthouse","120 W. 13th Street","","Ada","OK","74821","5803328940","","gregorypollard.jpg","Judge","Special","22","1","1","1"
"1132","36","KAY","Brock","Jennifer","","","Kay County Courthouse","PO Box 251","","Newkirk","OK","74647","5803622445","","jenniferbrock.jpg","Judge","Special","8","1","1","1"
"1133","68","SEQUOYAH","Orendorff","Matt","","","Sequoyah County Courthouse","120 E. Chickasaw St.","","Sallisaw","OK","74955","9187754613","","mattorendorff.jpg","Judge","Special","15","1","1","1"
"1135","42","LOGAN","Worthington","Susan","C.","","Logan County Courthouse","301 E. Harrison","","Guthrie","OK","73044","4052826941","","susanworthington.jpg","Judge","Special","9","1","1","1"
"1136","44","MCCLAIN","Edwards","Leah","","","McClain County Courthouse","121 N. 2nd Street","","Purcell","OK","73080","4055276432","","leahedwards.jpg","Judge","District","21","1","1","0"
"1137","61","PITTSBURG","Beare","Mindy","","","Pittsburg County Courthouse","115 E. Carl Albert Parkway","","McAlester","OK","74501","9184236651","","mindybeare.jpg","Judge","Special","18","1","1","0"
"1139","45","MCCURTAIN","Hamilton","Walter","","","McCurtain County Courthouse","108 N. Central Avenue","","Idabel","OK","74745","5802862221","","walterhamilton.jpg","Judge","Special","17","1","1","1"
"1140","72","TULSA","Greenough","Kelly","","","Tulsa County Courthouse","500 S. Denver, Room 413","","Tulsa","OK","74103","9185965200","","kellygreenough.jpg","Judge","District","14","1","1","1"
"1143","55","OKLAHOMA","McElwee","Michele","D.","","Oklahoma County Courthouse","321 Park Avenue","","Oklahoma City","OK","73102","","","micheledmcelwee.jpg","Judge","District","7","1","1","1"
"1145","55","OKLAHOMA","McCray","Kevin","C.","","Oklahoma County Courthouse","321 Park Ave., Room 520","","Oklahoma City","OK","73102","4057131185","","kevinmccray.jpg","Judge","Special","7","1","1","1"
"1146","67","SEMINOLE","Smith","Trisha","D.","","Seminole County Courthouse","PO Box 678","","Wewoka","OK","74884","4052572223","","trishasmith.jpg","Judge","Special","22","1","1","0"
"1147","16","COMANCHE","Newburn","Irma","","","Comanche County Courthouse","315 S.W. 5th St.","","Lawton","OK","73501","","","irmanewburn.jpg","Judge","District","5","1","1","1"
"1148","14","CLEVELAND","Puckett","Lori","A","","Cleveland County Courthouse","200 S. Peters","","Norman","OK","73069","4053609393","","loripuckett.jpg","Judge","Special","21","1","1","1"
"1149","24","GARFIELD","Seigars","Jason","","","Garfield County Courthouse","114 W. Broadway Ave.","","Enid","OK","73701","","","jasonseigars.jpg","Judge","Special","4","1","1","1"
"1150","74","WASHINGTON","Sigler","Jared","","","Washington County Courthouse","420 S. Johnstone Street","","Bartlesville","OK","74003","","","jaredsigler.jpg","Judge","Special","11","1","1","1"
"1151","63","POTTAWATOMIE","McDaniel","Tracy","","","Pottawatomie County Courthouse","325 N. Broadway","","Shawnee","OK","74801","","","tracymcdaniel.jpg","Judge","Special","23","1","1","1"
"1152","61","PITTSBURG","Hogan","Mike","","","Pittsburg County Courthouse","115 E. Carl Albert Parkway","","McAlester","OK","74501","9184237157","","nophoto.jpg","Judge","Special","18","1","1","0"
"1154","55","OKLAHOMA","Green","Lydia","","","Oklahoma Juvenile Justice Center","5905 Classen Court","","Oklahoma City","OK","73118","4057136754","","lydiagreen.jpg","Judge","Special","7","1","1","1"
"1155","19","CREEK","Hammers","Pamela","B.","","Creek County Courthouse","222 E. Dewey","","Sapulpa","OK","74066","9182243702","","pamelahammers.jpg","Judge","Special","24","1","1","1"
